{"(0.001, 1e-05, 64, 7, 64, 64, 0.3)": {"0": {"train": {"losses": [1.165345536605977, 1.0728270126132047, 0.9714568321495488, 0.8363967287014583, 0.8013886531708647, 0.7417577901913154, 0.690769760630865, 0.6856666899605446, 0.6163589266184997, 0.5877194181717826, 0.5830446810965497, 0.5498730096678076, 0.5298828938527418, 0.5203901989191758, 0.48682299223760517, 0.4679295921894955, 0.4859858058251287, 0.442559708315368, 0.43667846728750975, 0.4150955783770857, 0.3479334371068708, 0.32282047954854187, 0.3231053822366683, 0.3081857501037301, 0.3011755083270374, 0.2931227593685345, 0.2809916499448855, 0.27633856613835744, 0.2778752506222502, 0.2565340712600177, 0.2599714442888574, 0.25357247711144587, 0.2506878720042388, 0.23774997496209324, 0.2332912102818055, 0.22732340688287658, 0.23373359859062082, 0.2292791037895283, 0.21405121432002958, 0.20799242753048552], "accs": [0.3733306353702954, 0.3439902873330635, 0.5068798057466612, 0.5793201133144475, 0.6068393363010927, 0.6450829623634157, 0.6685552407932012, 0.69769324160259, 0.7411978955888304, 0.7470659651962768, 0.7541481181707811, 0.7723593686766491, 0.7887494941319304, 0.7891541885876163, 0.7960339943342776, 0.8152569809793606, 0.8156616754350465, 0.8162687171185755, 0.8249696479158235, 0.8320518008903278, 0.8571428571428571, 0.8652367462565763, 0.8721165520032376, 0.8751517604208823, 0.877175232699312, 0.8876972885471469, 0.8901254552812626, 0.8883043302306758, 0.8919465803318495, 0.8915418858761635, 0.8976123027114529, 0.895993524888709, 0.9018615944961554, 0.9028733306353703, 0.9016592472683124, 0.9105625252934035, 0.905706191825172, 0.9073249696479159, 0.9107648725212465, 0.9176446782679077], "f1s": [0.3150183856487274, 0.3370172381401062, 0.4350874722003937, 0.5089351534843445, 0.547594428062439, 0.5868949294090271, 0.6114679574966431, 0.6274522542953491, 0.6720726490020752, 0.6860634684562683, 0.687167227268219, 0.7034429907798767, 0.7212098836898804, 0.7264363765716553, 0.733453631401062, 0.755776047706604, 0.7491806745529175, 0.7600860595703125, 0.7719782590866089, 0.7724785208702087, 0.8178240060806274, 0.826173722743988, 0.8339852094650269, 0.8421417474746704, 0.84114670753479, 0.8643007278442383, 0.8637621402740479, 0.8651925325393677, 0.8646101951599121, 0.8716377019882202, 0.8713258504867554, 0.871604859828949, 0.879753828048706, 0.8826732635498047, 0.8846177458763123, 0.8947088122367859, 0.8863031268119812, 0.8884665966033936, 0.8919238448143005, 0.9054715037345886]}, "val": {"losses": [1.0896642182079552, 1.1290516639391839, 0.9060264234592958, 1.11008418724242, 0.8288971196766717, 0.7673299328974398, 0.8113120043576486, 0.7147117715356036, 0.7257241224606575, 0.6576824473004815, 0.8333186861383597, 0.5805755064264844, 0.5841873199976348, 0.6455771471573252, 0.6001430272381443, 0.5780603440904579, 0.8364005200594977, 0.6384633607024036, 0.6087665544369574, 0.6139173654172337, 0.5010074330320643, 0.5039604589547857, 0.520233767376663, 0.5147347975952932, 0.5155712407543087, 0.5467906850619767, 0.5977568494618276, 0.5368356831919887, 0.5558566224122106, 0.5580576722816585, 0.5428519235952496, 0.5521115143644106, 0.5500501815889184, 0.6131070806022219, 0.6071902635893517, 0.6335188832703191, 0.5893381657191795, 0.5792102392585218, 0.620595217401594, 0.661576990264023], "accs": [0.2910266774454325, 0.5068714632174616, 0.6006467259498788, 0.6046887631366209, 0.5747776879547292, 0.677445432497979, 0.7105901374292644, 0.7469684721099434, 0.7801131770412287, 0.7113985448666128, 0.444624090541633, 0.7970897332255457, 0.7841552142279709, 0.7744543249797898, 0.8019401778496362, 0.8084074373484236, 0.8197251414713015, 0.7962813257881972, 0.7841552142279709, 0.8342764753435732, 0.8423605497170574, 0.8423605497170574, 0.8367016976556184, 0.8342764753435732, 0.8399353274050121, 0.8407437348423605, 0.847210994341148, 0.8383185125303153, 0.8423605497170574, 0.8439773645917542, 0.8326596604688763, 0.8423605497170574, 0.8391269199676638, 0.847210994341148, 0.8455941794664511, 0.8399353274050121, 0.8431689571544059, 0.83589329021827, 0.847210994341148, 0.8455941794664511], "f1s": [0.24933207035064697, 0.3693717122077942, 0.5369961261749268, 0.4035748839378357, 0.5077159404754639, 0.5630678534507751, 0.6447837948799133, 0.6745225787162781, 0.6898050308227539, 0.647997260093689, 0.48001837730407715, 0.7070413827896118, 0.6940579414367676, 0.6888936758041382, 0.7220677137374878, 0.7293971180915833, 0.7305994629859924, 0.7005940675735474, 0.7325770854949951, 0.7617718577384949, 0.7741371989250183, 0.7794795632362366, 0.7669801712036133, 0.7721763849258423, 0.7762688398361206, 0.777937650680542, 0.7863171100616455, 0.7790851593017578, 0.7890262007713318, 0.7889948487281799, 0.7640115022659302, 0.7764018774032593, 0.7780190110206604, 0.793609619140625, 0.7892054319381714, 0.7831690907478333, 0.7817264199256897, 0.7767214179039001, 0.7918106317520142, 0.7911635041236877]}}}, "(0.001, 0.0001, 64, 7, 64, 64, 0.3)": {"0": {"train": {"losses": [1.185816797202823, 1.082756960792418, 0.9672973168036176, 0.8153727612288941, 0.7726188778201851, 0.7029475592037581, 0.6825303813613701, 0.6500194763567997, 0.6446080277295114, 0.6162683658877736, 0.6057053340658491, 0.5877099007741974, 0.5756170850251667, 0.5735180373618305, 0.5433913839823415, 0.552242430054384, 0.506936175675587, 0.5013061333696449, 0.48511615706715494, 0.4832047546792735, 0.39262042017612125, 0.36073547938197115, 0.35953890285912626, 0.33751456045708833, 0.33612354997679655, 0.3332261053995293, 0.3095529061768133, 0.31785211874038666, 0.30259544085462486, 0.29363486732803634, 0.2954118426441423, 0.2887580877660692, 0.28065668439356145, 0.26557210993544866, 0.2673896885940972, 0.2715362135527444, 0.26085888128539225, 0.2469456500970415, 0.2433793966054241, 0.22808339272805525], "accs": [0.35795224605422904, 0.4026709834075273, 0.5350060704168353, 0.6005665722379604, 0.6471064346418454, 0.6719951436665318, 0.7001214083367058, 0.7181303116147308, 0.7120598947794415, 0.7211655200323756, 0.7290570619182517, 0.7383650343990288, 0.7533387292594091, 0.7563739376770539, 0.7600161877782274, 0.7673006879805747, 0.7723593686766491, 0.7865236746256576, 0.79279643868879, 0.792998785916633, 0.8310400647511129, 0.8468231485228652, 0.8506677458518819, 0.8573452043707002, 0.8516794819910968, 0.8561311210036423, 0.8589639821934439, 0.8557264265479563, 0.8650343990287334, 0.8727235936867664, 0.8674625657628491, 0.876972885471469, 0.8765681910157831, 0.877782274382841, 0.8838526912181303, 0.8838526912181303, 0.8820315661675435, 0.8883043302306758, 0.8929583164710644, 0.895993524888709], "f1s": [0.30788493156433105, 0.3548043370246887, 0.45048826932907104, 0.5204450488090515, 0.5593066215515137, 0.5941803455352783, 0.6263630390167236, 0.6490397453308105, 0.6432703733444214, 0.6497130393981934, 0.6700706481933594, 0.676012396812439, 0.6923725605010986, 0.695094108581543, 0.7026060223579407, 0.7046860456466675, 0.7194690704345703, 0.7279270887374878, 0.7411600351333618, 0.7408514022827148, 0.7976351976394653, 0.8153412342071533, 0.8160791993141174, 0.8282139301300049, 0.8223879337310791, 0.8328651189804077, 0.8379983901977539, 0.8392963409423828, 0.844482958316803, 0.8546220064163208, 0.8484714031219482, 0.860346794128418, 0.8581912517547607, 0.8636866211891174, 0.8721203804016113, 0.8695298433303833, 0.8671411275863647, 0.8737592697143555, 0.8832752108573914, 0.8870804309844971]},