{"(0.001, 1e-05, 64, 10, 64, 64, 0.3)": {"0": {"train": {"losses": [1.202803120252238, 1.0875908113693429, 0.9225865264307483, 0.8052494757959883, 0.7384292950566507, 0.647146842297346, 0.5921684530089134, 0.5631240128698932, 0.5549510617528257, 0.508086266207917, 0.4117750606885182, 0.38048108118065743, 0.35274213826255923, 0.3353102979921513, 0.3253010776796982, 0.3221996648260477, 0.30242911466626876, 0.30026774687932983, 0.2898518977161363, 0.2894014916358231], "accs": [0.39417239983812224, 0.4447592067988669, 0.6197895588830433, 0.6616754350465399, 0.6956697693241602, 0.7294617563739377, 0.7579927154997976, 0.7713476325374342, 0.7800485633346823, 0.801902063941724, 0.8251719951436666, 0.8484419263456091, 0.8547146904087414, 0.8601780655605018, 0.8688789963577499, 0.8702954269526507, 0.8729259409146095, 0.8838526912181303, 0.8808174828004857, 0.8822339133953865], "f1s": [0.31058940291404724, 0.37743842601776123, 0.5015428066253662, 0.5584776401519775, 0.6019300222396851, 0.6469443440437317, 0.6907219886779785, 0.7022688984870911, 0.7165665626525879, 0.7430967092514038, 0.7724931240081787, 0.8119875192642212, 0.8253471851348877, 0.8394801616668701, 0.8456975221633911, 0.8497989177703857, 0.858901858329773, 0.8710674047470093, 0.8731692433357239, 0.8718252778053284]}, "val": {"losses": [1.1082058454003176, 1.0514537403924675, 1.01960340380765, 0.6770844535665735, 0.6975183060020811, 0.5919038373419808, 0.8042709576380089, 0.6428090350803292, 0.5726281394858271, 0.6025834364233811, 0.5046606007948361, 0.5406494443707632, 0.5007393245939873, 0.5237273244772983, 0.5072074785117864, 0.5281016182518815, 0.5669647055281297, 0.5729890787611108, 0.618682965094174, 0.6549359957055884], "accs": [0.3516572352465643, 0.6119644300727567, 0.6677445432497979, 0.6936135812449474, 0.6410670978172999, 0.7542441390460792, 0.7356507679870655, 0.7978981406628941, 0.7607113985448666, 0.778496362166532, 0.8229587712206953, 0.8367016976556184, 0.8237671786580436, 0.8383185125303153, 0.8342764753435732, 0.8375101050929669, 0.841552142279709, 0.841552142279709, 0.8407437348423605, 0.8504446240905417], "f1s": [0.2878025472164154, 0.46315863728523254, 0.4896950125694275, 0.5817812085151672, 0.5935498476028442, 0.67368483543396, 0.6266013383865356, 0.7165720462799072, 0.6581342220306396, 0.6797881722450256, 0.7690962553024292, 0.7937321066856384, 0.7736654281616211, 0.7899811267852783, 0.789618194103241, 0.7890795469284058, 0.8033542633056641, 0.7948285341262817, 0.7932046055793762, 0.8128626942634583]}}}, "(0.001, 0.0001, 64, 10, 64, 64, 0.3)": {"0": {"train": {"losses": [1.2421090124059622, 1.1334278924848231, 1.09681338358871, 1.0850776046309476, 1.0821404033998205, 0.9352347668922174, 0.7789768312489731, 0.7013938109530268, 0.6617944946370111, 0.6245314816276055, 0.465490407334171, 0.4336199908544061, 0.42392749080335695, 0.40152879556824156, 0.38184170060097955, 0.37038477437547324, 0.3615135182764114, 0.3512797425122263, 0.34421303168765355, 0.3151487470855118, 0.2978534672676142, 0.2912335345639916, 0.2964312497636462, 0.2944091468000161, 0.29227000782481094, 0.29511657571898736, 0.2983249205174788, 0.29395853404524064, 0.28308310560830835, 0.27801413594687435, 0.2951218170200172, 0.2934770868862751, 0.2842941237323345, 0.28395823366677697, 0.2901337118054247, 0.2820588184338936, 0.28660197223742834, 0.2875250031269306, 0.28494167405070203, 0.2822154631731916], "accs": [0.35694050991501414, 0.36665317685147714, 0.3751517604208822, 0.4067179279643869, 0.4405099150141643, 0.5989477944152165, 0.6626871711857547, 0.7086199919061109, 0.7276406313233509, 0.7484823957911777, 0.8156616754350465, 0.8265884257385674, 0.8373128288142453, 0.8358963982193444, 0.8425738567381627, 0.848239579117766, 0.8535006070416835, 0.8591663294212869, 0.8630109267503036, 0.8648320518008903, 0.8715095103197086, 0.8700930797248078, 0.8765681910157831, 0.8806151355726427, 0.877377579927155, 0.8747470659651962, 0.876972885471469, 0.877579927154998, 0.877579927154998, 0.877782274382841, 0.8785916632942129, 0.8733306353702954, 0.8789963577498988, 0.8804127883447996, 0.877579927154998, 0.8785916632942129, 0.8763658437879401, 0.8808174828004857, 0.8783893160663699, 0.8751517604208823], "f1s": [0.2926643490791321, 0.3328738510608673, 0.3424888551235199, 0.3682037889957428, 0.3901175856590271, 0.49687933921813965, 0.5782966613769531, 0.6306062936782837, 0.6512826681137085, 0.672491192817688, 0.767559826374054, 0.786497950553894, 0.8034569025039673, 0.8098999857902527, 0.8187993764877319, 0.8265413641929626, 0.8342778086662292, 0.840937614440918, 0.8517537713050842, 0.8608183860778809, 0.862882673740387, 0.8642024993896484, 0.8680866360664368, 0.8786466121673584, 0.8724077343940735, 0.8707655668258667, 0.8751647472381592, 0.8762775659561157, 0.8765532374382019, 0.8786804676055908, 0.8808352947235107, 0.8742815256118774, 0.8771235346794128, 0.8801299929618835, 0.878482460975647, 0.8791654706001282, 0.8767611980438232, 0.8765056729316711, 0.8803486824035645, 0.8782628774642944]}, "val": {"losses": [1.1342555754784143, 1.1441731907806767, 1.0921132612729516, 1.1218340184867817, 1.043074678969942, 0.8297664624312855, 0.7493288529526348, 0.7402485461608961, 0.6438080786020407, 0.5622171572648236, 0.5393111269225396, 0.5168552285447271, 0.5011406405953119, 0.5112716766404065, 0.55116108616418, 0.5309681301648904, 0.5511440534262091, 0.5539970194127354, 0.53779785948216, 0.5672453699231437, 0.6157200504621384, 0.5993838384807736, 0.5807223443842359, 0.5975425049674636, 0.6082980873465249, 0.6033504639745433, 0.6240435725946819, 0.6098054193303579, 0.6173160452464943, 0.619937331448087, 0.6127122647837467, 0.5694294108579308, 0.624893470671067, 0.6004314068448862, 0.6070835762743807, 0.6157875010922924, 0.6115078841762959, 0.5925841344732764, 0.6106565030428702, 0.6133923036684023], "accs": [0.5408245755860954, 0.513338722716249, 0.2918350848827809, 0.5189975747776879, 0.5416329830234439, 0.6822958771220695, 0.7122069523039612, 0.7647534357316087, 0.6847210994341147, 0.7987065481002426, 0.8140662894098626, 0.8189167340339532, 0.824575586095392, 0.8100242522231205, 0.8156831042845594, 0.8253839935327405, 0.8237671786580436, 0.8310428455941795, 0.8367016976556184, 0.8342764753435732, 0.8383185125303153, 0.8383185125303153, 0.8407437348423605, 0.8399353274050121, 0.8399353274050121, 0.8391269199676638, 0.841552142279709, 0.8520614389652384, 0.8464025869037995, 0.8439773645917542, 0.8439773645917542, 0.8488278092158448, 0.8399353274050121, 0.8270008084074374, 0.8455941794664511, 0.8383185125303153, 0.8455941794664511, 0.8367016976556184, 0.8480194017784963, 0.8431689571544059], "f1s": [0.31370091438293457, 0.2844352126121521, 0.2259841412305832, 0.3768334686756134, 0.3490888476371765, 0.5408852100372314, 0.5924923419952393, 0.6837146282196045, 0.6520817279815674, 0.7225408554077148, 0.740632176399231, 0.7627770304679871, 0.7751842737197876, 0.7599684000015259, 0.7666575908660889, 0.7655641436576843, 0.7670170068740845, 0.7786604166030884, 0.7847397327423096, 0.785434365272522, 0.790347158908844, 0.7885088920593262, 0.7916914820671082, 0.7919816970825195, 0.7962254285812378, 0.7907282114028931, 0.7945882081985474, 0.8017076253890991, 0.7974004745483398, 0.7928738594055176, 0.7944573760032654, 0.7990471124649048, 0.7996531128883362, 0.7877657413482666, 0.7950447201728821, 0.7972715497016907, 0.7978726029396057, 0.7950986623764038, 0.7981168031692505, 0.7934390306472778]}}}}