{"(0.001, 1e-05, 32, 7, 64, 64, 0.3)": {"0": {"train": {"losses": [1.180170411091013, 1.005038233046491, 0.8579258931787909, 0.7737518360334, 0.7160232722976342, 0.6742791644671049, 0.6446235210294426, 0.6062585127011141, 0.575444144403727, 0.5893269742803987, 0.553780355708216, 0.526770522940839, 0.5183860892674934, 0.4906851308445176, 0.45230083441936936, 0.48271375888516094, 0.4529784959923734, 0.43464964951449975, 0.43129545485186993, 0.40854037089031364, 0.3221561605195944, 0.2963896818076103, 0.297461686492304, 0.28723038019004116, 0.2667588648985195, 0.2631128575096532, 0.2587829650847452, 0.2557328348879098, 0.24636241790014257, 0.239089365890276, 0.2423609835760934, 0.23049959009690402, 0.2319333444284264, 0.21878620195803686, 0.21138586051451538, 0.20480413036590547, 0.21192446621214026, 0.20446808412460024, 0.20204632035492404, 0.19626708619993063], "accs": [0.38911371914204773, 0.5180089032780251, 0.5995548360987455, 0.6375961149332254, 0.6713881019830028, 0.7136786726021853, 0.7108458114123837, 0.7369486038041279, 0.745447187373533, 0.7598138405503845, 0.7782274382840955, 0.7845002023472278, 0.8004856333468231, 0.812019425333873, 0.8195062727640632, 0.8150546337515177, 0.8219344394981789, 0.8336705787130716, 0.8284095507891542, 0.8415621205989477, 0.8743423715095103, 0.8808174828004857, 0.8804127883447996, 0.886483205180089, 0.8951841359773371, 0.8899231080534197, 0.8949817887494941, 0.8951841359773371, 0.8986240388506678, 0.8988263860785107, 0.8992310805341966, 0.9036827195467422, 0.9044921084581141, 0.9083367057871308, 0.9067179279643869, 0.9144071226224201, 0.9038850667745851, 0.9162282476730069, 0.9188587616349656, 0.9168352893565358], "f1s": [0.32427430152893066, 0.4365622401237488, 0.522564172744751, 0.554817259311676, 0.5976614356040955, 0.6388589143753052, 0.6485950350761414, 0.6689321994781494, 0.6805340051651001, 0.6961175203323364, 0.711522102355957, 0.7168871760368347, 0.7364959716796875, 0.760635495185852, 0.7626099586486816, 0.7586353421211243, 0.7704682350158691, 0.7845009565353394, 0.7826621532440186, 0.7994402647018433, 0.8434804677963257, 0.8521913886070251, 0.853921115398407, 0.8633624315261841, 0.8777844905853271, 0.8698465824127197, 0.8716368675231934, 0.8778632879257202, 0.8875956535339355, 0.8847099542617798, 0.8869554996490479, 0.8902279138565063, 0.8918336033821106, 0.8985292911529541, 0.9014109373092651, 0.9072670936584473, 0.8946396112442017, 0.9080374240875244, 0.9100958108901978, 0.9093630313873291]}, "val": {"losses": [1.1340763980376691, 0.9607932633127816, 0.7865345473239378, 0.7602210290603514, 0.9684574504773658, 0.8042254634412336, 0.6919379533059962, 0.7376945242345959, 0.8279411437151022, 0.5770793454533348, 0.6534674995448576, 0.7002981987660608, 0.5915904574415427, 0.7291394881211468, 0.5923483631330435, 0.5569594772043205, 0.5878998932451998, 0.6982613778827454, 0.6096086723484526, 0.5741175245448478, 0.5484871921056494, 0.5797058423633237, 0.5692644183830379, 0.6174105415444463, 0.5942605646175054, 0.5946474019904819, 0.5756571038702176, 0.6118773949560661, 0.6493288506975845, 0.658969200033282, 0.6073175405265828, 0.659346088839329, 0.65574675986337, 0.6909382073457143, 0.7265008593169353, 0.6987741252252336, 0.6838715232565409, 0.7142338771779593, 0.7014540156339, 0.7204459137798994], "accs": [0.5739692805173807, 0.624090541632983, 0.6556184316895716, 0.6588520614389652, 0.698464025869038, 0.730800323362975, 0.7590945836701698, 0.7453516572352465, 0.7631366208569119, 0.7970897332255457, 0.6847210994341147, 0.778496362166532, 0.8164915117219078, 0.677445432497979, 0.7898140662894099, 0.8189167340339532, 0.8221503637833468, 0.6992724333063864, 0.8156831042845594, 0.8181083265966047, 0.826192400970089, 0.8383185125303153, 0.8407437348423605, 0.8488278092158448, 0.8496362166531932, 0.8480194017784963, 0.8407437348423605, 0.8391269199676638, 0.8447857720291027, 0.8504446240905417, 0.8488278092158448, 0.8439773645917542, 0.8528698464025869, 0.8480194017784963, 0.8464025869037995, 0.8334680679062247, 0.8528698464025869, 0.8552950687146321, 0.856911883589329, 0.8455941794664511], "f1s": [0.38722553849220276, 0.4456248879432678, 0.53389573097229, 0.5652132034301758, 0.5535326600074768, 0.6744141578674316, 0.6621394753456116, 0.6594313979148865, 0.642666220664978, 0.7170674800872803, 0.6225108504295349, 0.6831117868423462, 0.7484784126281738, 0.6718209981918335, 0.6984345316886902, 0.7356421947479248, 0.738484263420105, 0.689692497253418, 0.7467741370201111, 0.7343001961708069, 0.7519307136535645, 0.7740436792373657, 0.7743349671363831, 0.7877504825592041, 0.7877036333084106, 0.7907765507698059, 0.7852565050125122, 0.7823060750961304, 0.7862770557403564, 0.798970103263855, 0.7966685891151428, 0.7918515205383301, 0.802283525466919, 0.7979327440261841, 0.791404128074646, 0.7829374074935913, 0.8069260120391846, 0.8077157735824585, 0.8073363304138184, 0.7911498546600342]}}}, "(0.001, 0.0001, 32, 7, 64, 64, 0.3)": {"0": {"train": {"losses": [1.1574261481585362, 1.053457521369514, 0.8887801641927755, 0.8116871074885311, 0.7726689412592876, 0.7302342835754965, 0.6774148655198258, 0.6972965561562056, 0.615771429565743, 0.5671698794775962, 0.5667583348055399, 0.5336573728662134, 0.5291294532717601, 0.5098292133625776, 0.49894881893728776, 0.4751221112204389, 0.4726701658271865, 0.47080484193040023, 0.4650863643263767, 0.4365552570753761, 0.3537178413919088, 0.3322640362899345, 0.3171591746184759, 0.30622055791303343, 0.29935888043604414, 0.29781575353822937, 0.2862757218120456, 0.2742727870420858, 0.27632932765963397, 0.26601489362857544, 0.2638666058107698, 0.24657319376990652, 0.2503882354688471, 0.2425355786304636, 0.23483475815400764, 0.22320691500053574, 0.22926300439948932, 0.2218953628184968, 0.22158627584124324, 0.2097736924241449], "accs": [0.3733306353702954, 0.38445973290165925, 0.5497774180493727, 0.6060299473897207, 0.6365843787940105, 0.6685552407932012, 0.6966815054633752, 0.7193443949817887, 0.7490894374747066, 0.7654795629299879, 0.773978146499393, 0.7899635774989883, 0.7859166329421287, 0.8057466612707406, 0.8053419668150547, 0.8037231889923108, 0.8158640226628895, 0.8213273978146499, 0.8235532173209227, 0.8253743423715095, 0.8561311210036423, 0.8739376770538244, 0.8719142047753946, 0.8832456495346014, 0.8870902468636179, 0.8901254552812626, 0.8897207608255767, 0.8870902468636179, 0.8907324969647916, 0.8990287333063537, 0.8931606636989073, 0.9026709834075273, 0.9024686361796843, 0.9073249696479159, 0.9091460946985026, 0.9140024281667342, 0.9121813031161473, 0.9178470254957507, 0.9172399838122218, 0.9206798866855525], "f1s": [0.3250342011451721, 0.3592100143432617, 0.47731977701187134, 0.5289878845214844, 0.5663427710533142, 0.5908869504928589, 0.6216669678688049, 0.6366163492202759, 0.6805187463760376, 0.6935462355613708, 0.7020173072814941, 0.7174739241600037, 0.7167664766311646, 0.7409170269966125, 0.7440223693847656, 0.740242600440979, 0.753772497177124, 0.7605434656143188, 0.7721375823020935, 0.7640368938446045, 0.8137463331222534, 0.8376930356025696, 0.8415530323982239, 0.8481994867324829, 0.8530124425888062, 0.8620511293411255, 0.8569998741149902, 0.8594855070114136, 0.863556444644928, 0.8766921758651733, 0.8690582513809204, 0.8723893165588379, 0.8835745453834534, 0.8846806287765503, 0.8891429901123047, 0.893294095993042, 0.8923786282539368, 0.8981066942214966, 0.8996481895446777, 0.901884138584137]},