{"(0.001, 1e-05, 32, 5, 64, 64, 0.3)": {"0": {"train": {"losses": [1.2055346826366546, 1.04673403940525, 0.9749858648320626, 0.8879069257293911, 0.7752280061132075, 0.7381135611483945, 0.7054045026671881, 0.6905625446129309, 0.6646581240049599, 0.6276957391727699, 0.6093067581573511, 0.584245731019144, 0.5800260327114165, 0.5617701091152703, 0.5428414919124543, 0.5453594433108306, 0.5311508516776132, 0.49055691606744684, 0.5039598273873956, 0.4965938565003539, 0.4827478084666485, 0.47660404883358265, 0.4461953681654314, 0.42338006461633937, 0.45895425517614047, 0.3694485328618161, 0.3475360290958832, 0.3257881680247949, 0.32119578176160324, 0.31050580907017533, 0.31789601174794146, 0.30119999884980164, 0.30192520169413845, 0.2929032919728674, 0.3061779921762087, 0.2943297303407986, 0.2922387702872231, 0.28855652839415763, 0.277686589290827, 0.2780317206799574], "accs": [0.3698907324969648, 0.4546742209631728, 0.5119384864427358, 0.5783083771752326, 0.6258599757183326, 0.6375961149332254, 0.66916228247673, 0.6813031161473088, 0.6916228247673006, 0.7177256171590449, 0.7227842978551194, 0.7444354512343181, 0.7571833265884257, 0.7565762849048968, 0.7668959935248887, 0.765074868474302, 0.7770133549170376, 0.7865236746256576, 0.7960339943342776, 0.8004856333468231, 0.802104411169567, 0.8085795224605423, 0.8097936058276002, 0.8195062727640632, 0.8148522865236746, 0.8419668150546338, 0.8577498988263861, 0.8569405099150141, 0.8601780655605018, 0.8638203156616754, 0.8640226628895185, 0.8702954269526507, 0.867664912990692, 0.8656414407122622, 0.8704977741804937, 0.8711048158640227, 0.876770538243626, 0.877579927154998, 0.8794010522055847, 0.8796033994334278], "f1s": [0.3211836814880371, 0.38635292649269104, 0.4424515664577484, 0.4988079071044922, 0.5585011839866638, 0.5721467733383179, 0.607089102268219, 0.6141114234924316, 0.6285140514373779, 0.6559736132621765, 0.663870096206665, 0.6826974153518677, 0.6970347762107849, 0.7039369940757751, 0.7101462483406067, 0.7089763879776001, 0.7186447978019714, 0.738274097442627, 0.7413164973258972, 0.74510258436203, 0.7483927011489868, 0.751379132270813, 0.7584632039070129, 0.7664828896522522, 0.7594888210296631, 0.8083717823028564, 0.8222691416740417, 0.8247014284133911, 0.8291558623313904, 0.829513669013977, 0.8351728320121765, 0.8479584455490112, 0.8419009447097778, 0.838890790939331, 0.8496068120002747, 0.847946286201477, 0.854623019695282, 0.8555288314819336, 0.8579916954040527, 0.8599748611450195]}, "val": {"losses": [1.0718892072609767, 1.060687422559641, 0.9544449185978142, 0.8155754667284417, 0.7734768185388107, 0.7579914716433014, 0.7838392966489399, 0.7111553911634675, 0.7125342015113769, 0.6714148910274984, 0.6338328149112464, 0.6614699598127733, 0.6046283622855801, 0.6065801256302392, 0.6745109733257355, 0.6486636549836701, 0.6220240688362523, 0.6348940983788083, 0.6473283333072956, 0.5896178046444682, 0.5377168407966364, 0.5763436369868952, 0.6158681688717323, 0.6161321583252909, 0.6476791146886667, 0.5611590651031839, 0.58370959922587, 0.5810770286893112, 0.5791422521383799, 0.6115388681113768, 0.5862454203896302, 0.5959892014196638, 0.6198996636495536, 0.6039820520648478, 0.6136994634121777, 0.6038767975380851, 0.6066399632607532, 0.6240106886832485, 0.648448262661816, 0.6525822273646041], "accs": [0.5359741309620049, 0.4688763136620857, 0.5957962813257882, 0.629749393694422, 0.6248989490703315, 0.6669361358124495, 0.7502021018593371, 0.6887631366208569, 0.6839126919967664, 0.7510105092966856, 0.767178658043654, 0.7566693613581245, 0.7914308811641068, 0.7760711398544866, 0.8059822150363783, 0.7793047696038804, 0.7704122877930477, 0.8108326596604689, 0.7930476960388035, 0.8027485852869847, 0.8237671786580436, 0.7793047696038804, 0.7906224737267583, 0.799514955537591, 0.761519805982215, 0.8132578819725141, 0.8172999191592563, 0.8213419563459984, 0.8197251414713015, 0.8383185125303153, 0.8302344381568311, 0.8229587712206953, 0.8294260307194826, 0.8278092158447857, 0.8326596604688763, 0.8383185125303153, 0.8286176232821342, 0.8375101050929669, 0.8302344381568311, 0.8270008084074374], "f1s": [0.3796376585960388, 0.42297348380088806, 0.495604932308197, 0.5636090040206909, 0.5612562298774719, 0.5993000268936157, 0.6705545783042908, 0.6209355592727661, 0.6320202350616455, 0.6768167614936829, 0.6878669261932373, 0.6669195890426636, 0.7172342538833618, 0.6849132180213928, 0.735491931438446, 0.7120009660720825, 0.6873124241828918, 0.7507479786872864, 0.7260292768478394, 0.7249182462692261, 0.7622230052947998, 0.6814820766448975, 0.7078678607940674, 0.7188518643379211, 0.7227305769920349, 0.748558521270752, 0.7597345113754272, 0.7632837295532227, 0.7593575716018677, 0.7818063497543335, 0.7779092788696289, 0.7635270953178406, 0.7769231200218201, 0.7717787623405457, 0.7788344025611877, 0.7804627418518066, 0.7646361589431763, 0.78498375415802, 0.7775373458862305, 0.7720382213592529]}}}, "(0.001, 0.0001, 32, 5, 64, 64, 0.3)": {"0": {"train": {"losses": [1.1845572990041568, 1.0693086716193798, 1.0183772751552669, 0.9518006877202536, 0.8559531454420534, 0.8056876257285084, 0.7543287963965604, 0.763116967142569, 0.6851907219784504, 0.6851117138267288, 0.650301635072377, 0.5948675436705338, 0.5773871773797363, 0.5637736522273369, 0.5614583638456369, 0.534527625115185, 0.5236292311183743, 0.5106858896104395, 0.48138839509360754, 0.4973285361635979, 0.46720042179490523, 0.46059857793107106, 0.4804940698408299, 0.4659341970275453, 0.4607505476074342, 0.3741770729344174, 0.3468685029055705, 0.3456912202536698, 0.3365907771162348, 0.32519415698761595, 0.323975885417335, 0.32352006623241786, 0.3081811949074003, 0.3062459691267465, 0.31497781860929713, 0.30349352589168804, 0.28996798956939346, 0.29388804078246844, 0.2894773505317543, 0.28386310426173833], "accs": [0.3810198300283286, 0.434237150951032, 0.49676244435451233, 0.5536220153783893, 0.5833670578713072, 0.6155402670983408, 0.6244435451234318, 0.6365843787940105, 0.6764467826790773, 0.69769324160259, 0.7199514366653177, 0.726628895184136, 0.7501011736139215, 0.7494941319303926, 0.7675030352084177, 0.7743828409550789, 0.7713476325374342, 0.7810602994738972, 0.7970457304734925, 0.7948199109672197, 0.7988668555240793, 0.801295022258195, 0.8031161473087819, 0.8061513557264266, 0.8124241197895589, 0.8411574261432618, 0.8518818292189397, 0.8561311210036423, 0.8512747875354107, 0.8599757183326588, 0.8601780655605018, 0.867057871307163, 0.8698907324969648, 0.867867260218535, 0.8642250101173614, 0.8711048158640227, 0.8733306353702954, 0.8755564548765682, 0.8789963577498988, 0.8765681910157831], "f1s": [0.3304291367530823, 0.3813242018222809, 0.4147331118583679, 0.467904269695282, 0.5039779543876648, 0.5451138019561768, 0.5676305294036865, 0.5688860416412354, 0.6206005811691284, 0.6330742835998535, 0.6519166827201843, 0.6622207164764404, 0.6842714548110962, 0.690843939781189, 0.7079416513442993, 0.7166138887405396, 0.7147078514099121, 0.7226945161819458, 0.7413845658302307, 0.743685781955719, 0.7434794902801514, 0.7466654181480408, 0.7510218620300293, 0.7557475566864014, 0.764997124671936, 0.7948085069656372, 0.8220961093902588, 0.821516752243042, 0.8159843683242798, 0.828173041343689, 0.8308983445167542, 0.8381848931312561, 0.8449127674102783, 0.8443483710289001, 0.834683895111084, 0.8451635837554932, 0.8496030569076538, 0.8459763526916504, 0.855954647064209, 0.8518970012664795]},