{"(0.001, 1e-05, 32, 10, 64, 64, 0.3)": {"0": {"train": {"losses": [1.2245829929855854, 1.1116860047953663, 0.8769973062735634, 0.8015497788057208, 0.7122953461520057, 0.66465138593023, 0.603023744531606, 0.5803742911689246, 0.5885104217639292, 0.5046699908714649, 0.4517796701690968, 0.39105181443647835, 0.3610723941058873, 0.3582873282066872, 0.3512418975217629, 0.329665166562938, 0.3242912498298612, 0.3165337564201309, 0.3000210954297752, 0.3061034073958943, 0.2816537958752622, 0.2683113843552355, 0.27732619614265364, 0.28315205135744914, 0.27630414180261603, 0.2675536248014312, 0.2735380485370448, 0.2662630822194438, 0.2855209103242341, 0.2747209295600303, 0.2660657848148199, 0.26902077144719677, 0.2698424866642367, 0.26930232704867724, 0.27850680630345037, 0.2754580645076855, 0.27555652131608793, 0.26480266159963434, 0.28984168007252237, 0.27458751163034967], "accs": [0.3458114123836503, 0.3889113719142048, 0.6272764063132336, 0.660866046135168, 0.7051800890327803, 0.7310805341966815, 0.7612302711452853, 0.773573452043707, 0.7707405908539053, 0.7976527721570215, 0.8213273978146499, 0.8389316066369891, 0.8492513152569809, 0.8543099959530555, 0.8555240793201133, 0.8615944961554026, 0.8628085795224606, 0.8666531768514771, 0.8741400242816674, 0.8660461351679482, 0.8743423715095103, 0.8881019830028328, 0.876972885471469, 0.8846620801295022, 0.8804127883447996, 0.8840550384459733, 0.8856738162687171, 0.8838526912181303, 0.8826386078510724, 0.8862808579522461, 0.8858761634965601, 0.8818292189397006, 0.8862808579522461, 0.8818292189397006, 0.8826386078510724, 0.8820315661675435, 0.8858761634965601, 0.8858761634965601, 0.8832456495346014, 0.8834479967624443], "f1s": [0.30256548523902893, 0.3529026508331299, 0.5149827003479004, 0.5635449886322021, 0.6231799125671387, 0.653898298740387, 0.6929501891136169, 0.7086951732635498, 0.6963398456573486, 0.73837810754776, 0.7790369987487793, 0.7971521019935608, 0.8180475234985352, 0.828141987323761, 0.8312896490097046, 0.8421769142150879, 0.8422173261642456, 0.8473107814788818, 0.8602261543273926, 0.8526264429092407, 0.8637916445732117, 0.8799886703491211, 0.866167426109314, 0.8772752285003662, 0.8714695572853088, 0.8780078887939453, 0.8773528933525085, 0.8783159255981445, 0.8745953440666199, 0.8757989406585693, 0.8761323690414429, 0.8737246990203857, 0.8816641569137573, 0.8725393414497375, 0.8749374747276306, 0.8744691014289856, 0.8800582885742188, 0.8804901838302612, 0.8731419444084167, 0.8695747256278992]}, "val": {"losses": [1.19442898618086, 1.0127074517062717, 0.8396091816785746, 0.7437502284057698, 0.6985777951867328, 0.6850453777089655, 0.6907596796413729, 0.680575794766965, 0.6914245809579724, 0.652203192321543, 0.530813566936826, 0.5882358761111285, 0.48811256885528564, 0.5353154328048663, 0.5387718594642831, 0.5417483368513559, 0.5514800833807708, 0.5433366988682419, 0.5746996964575691, 0.5820773130790207, 0.5787369488416994, 0.6183498880510476, 0.6177522976165254, 0.5982319925374915, 0.6062143821820388, 0.5964910994639971, 0.5786778852885639, 0.5955343934057601, 0.6060843915951859, 0.5810872033033625, 0.6001270903679471, 0.6091559365355592, 0.6062714655310663, 0.6223060441961573, 0.6062205258934558, 0.6378582260159591, 0.5850584664312022, 0.6168672103696806, 0.6046038080630229, 0.5838641109684348], "accs": [0.4939369442198868, 0.4147130153597413, 0.6734033953112368, 0.692805173807599, 0.7542441390460792, 0.725141471301536, 0.7704122877930477, 0.793856103476152, 0.799514955537591, 0.7817299919159256, 0.8205335489086499, 0.8253839935327405, 0.8213419563459984, 0.8294260307194826, 0.826192400970089, 0.8181083265966047, 0.826192400970089, 0.8334680679062247, 0.8326596604688763, 0.8367016976556184, 0.83589329021827, 0.8431689571544059, 0.841552142279709, 0.8367016976556184, 0.8407437348423605, 0.8383185125303153, 0.8367016976556184, 0.8367016976556184, 0.83589329021827, 0.8342764753435732, 0.8383185125303153, 0.8391269199676638, 0.8367016976556184, 0.8391269199676638, 0.8342764753435732, 0.8399353274050121, 0.8383185125303153, 0.8383185125303153, 0.8383185125303153, 0.8342764753435732], "f1s": [0.32725369930267334, 0.410408616065979, 0.5213525295257568, 0.5763825178146362, 0.6763483881950378, 0.6405259966850281, 0.6670960187911987, 0.7339602708816528, 0.7121268510818481, 0.7353367805480957, 0.763209342956543, 0.7756710052490234, 0.765001118183136, 0.7764323949813843, 0.7763574123382568, 0.7569186687469482, 0.7758650779724121, 0.7864828109741211, 0.7822005748748779, 0.7908437252044678, 0.7868918180465698, 0.7950972318649292, 0.7937115430831909, 0.7899398803710938, 0.7907954454421997, 0.7866876721382141, 0.7902910709381104, 0.7865453362464905, 0.7882664799690247, 0.7847297191619873, 0.7875490188598633, 0.7916891574859619, 0.788411557674408, 0.7914876937866211, 0.7843504548072815, 0.7915134429931641, 0.7923189997673035, 0.7901920080184937, 0.7924963235855103, 0.7874230146408081]}}}, "(0.001, 0.0001, 32, 10, 64, 64, 0.3)": {"0": {"train": {"losses": [1.228903767841637, 0.9110077958944499, 0.7970179967048534, 0.7218717416256172, 0.6643766600658226, 0.6490247640133097, 0.5837686041717537, 0.5617515675117496, 0.5150097984743717, 0.4855428866436008, 0.39171349949221146, 0.3493600691295934, 0.3371407784753751, 0.319950687142337, 0.3029821218869214, 0.2874220734976989, 0.29923403633359663, 0.28381707089625596, 0.2739966941574526, 0.2668053478014609, 0.25089341635732504, 0.2507586386559802, 0.2355548473914014, 0.23955479582665373, 0.24470890604354553, 0.23859730897187126, 0.2417018260250493, 0.22459382526742355, 0.2463790938372749, 0.22581077234699676, 0.2317773088999771, 0.23044997600831757, 0.23505479497786044, 0.23850994034003556, 0.22693610039378698, 0.22856084613460415, 0.2386340898861532, 0.22369270302273878, 0.23065058994949322, 0.23049120232312123], "accs": [0.3668555240793201, 0.6123027114528531, 0.6620801295022258, 0.698502630513962, 0.7387697288547147, 0.7596114933225415, 0.7729664103601781, 0.7905706191825173, 0.8057466612707406, 0.8148522865236746, 0.8360987454471873, 0.8607851072440308, 0.8648320518008903, 0.868474301902064, 0.8723188992310805, 0.8858761634965601, 0.8806151355726427, 0.8844597329016592, 0.8848644273573452, 0.8923512747875354, 0.8992310805341966, 0.9012545528126265, 0.8980169971671388, 0.9010522055847835, 0.8978146499392958, 0.896195872116552, 0.9038850667745851, 0.9038850667745851, 0.8988263860785107, 0.9002428166734115, 0.9016592472683124, 0.9040874140024282, 0.9020639417239984, 0.9038850667745851, 0.9034803723188992, 0.9081343585592877, 0.9018615944961554, 0.9053014973694861, 0.9053014973694861, 0.9028733306353703], "f1s": [0.3033428192138672, 0.49654102325439453, 0.5647951364517212, 0.6086844801902771, 0.6593773365020752, 0.6791876554489136, 0.7080716490745544, 0.7257063984870911, 0.7419420480728149, 0.7623909711837769, 0.7981104254722595, 0.8304644823074341, 0.8432459831237793, 0.845476508140564, 0.8585518598556519, 0.8714552521705627, 0.8656632900238037, 0.8753736615180969, 0.875482439994812, 0.8859797716140747, 0.8935719132423401, 0.8944777250289917, 0.9004906415939331, 0.9006593227386475, 0.8913365006446838, 0.8938001394271851, 0.9034072160720825, 0.9065610766410828, 0.8937829732894897, 0.9005078077316284, 0.8990550637245178, 0.9019449949264526, 0.901565432548523, 0.9022727012634277, 0.9035727977752686, 0.9103798866271973, 0.8991793394088745, 0.9043242335319519, 0.9089548587799072, 0.9001537561416626]},