{"(0.001, 1e-05, 64, 5, 64, 64, 0.3)": {"0": {"train": {"losses": [1.1913067870948635, 1.0581337919798712, 0.9632392611787272, 0.9034038054610206, 0.8154941066852324, 0.7615069775675917, 0.7293189066424152, 0.7089631003510465, 0.6686743906228372, 0.6543684188579558, 0.6124850286495729, 0.6094192855153572, 0.6024112875092035, 0.5773722469227751, 0.5566993035294662, 0.5332072163547209, 0.531879296625061, 0.5049687632661463, 0.48712767381409505, 0.48482178737161036, 0.49581107503245686, 0.4865388360910211, 0.48572203235942696, 0.46695545828327967, 0.43632478790696166, 0.38077378808511314, 0.35391359097534997, 0.3526687973945163, 0.3404673580238569, 0.3388219650266432, 0.33621096314326415, 0.334375032513598, 0.3272382544330236, 0.32091713007139994, 0.32023827086957735, 0.3110418993299763, 0.3120162125385903, 0.2993262355739363, 0.31367867875682925, 0.3059133888135213], "accs": [0.3779846216106839, 0.4688385269121813, 0.5234722784297855, 0.56657223796034, 0.6108862808579523, 0.6335491703763658, 0.6612707405908539, 0.6707810602994739, 0.6821125050586807, 0.698704977741805, 0.717523269931202, 0.7199514366653177, 0.7326993120194253, 0.7428166734115743, 0.7474706596519628, 0.7567786321327398, 0.7709429380817483, 0.7822743828409551, 0.7855119384864427, 0.782476730068798, 0.7869283690813436, 0.7875354107648725, 0.7911776608660461, 0.8010926750303521, 0.8132335087009308, 0.8383245649534601, 0.8450020234722785, 0.8439902873330636, 0.8547146904087414, 0.8480372318899231, 0.8603804127883448, 0.8553217320922704, 0.8630109267503036, 0.8622015378389316, 0.8630109267503036, 0.8626062322946175, 0.8646297045730473, 0.867057871307163, 0.8682719546742209, 0.8733306353702954], "f1s": [0.33465105295181274, 0.3895695209503174, 0.4505985975265503, 0.4960915446281433, 0.5263593196868896, 0.5747661590576172, 0.5943942070007324, 0.605503499507904, 0.6275324821472168, 0.632243275642395, 0.6594740748405457, 0.6665948629379272, 0.6749902963638306, 0.6852799654006958, 0.6872942447662354, 0.700996458530426, 0.7127666473388672, 0.7238593697547913, 0.7282733917236328, 0.7256270051002502, 0.7303165197372437, 0.7366248369216919, 0.7428072690963745, 0.7527757287025452, 0.7659348249435425, 0.8071651458740234, 0.8113768696784973, 0.8065664768218994, 0.8231027126312256, 0.8153059482574463, 0.8294795751571655, 0.8216655254364014, 0.8336511850357056, 0.8337986469268799, 0.8373846411705017, 0.8371449708938599, 0.8390830755233765, 0.8439658880233765, 0.8385779857635498, 0.8502540588378906]}, "val": {"losses": [1.2845510128244046, 1.0857609849161165, 0.9811561530698377, 1.0059963301390338, 0.8482361198338946, 0.796159440119997, 0.7669495096973767, 0.709798800338153, 0.7171770200289924, 0.6660781362746739, 0.7312248069717697, 0.6957009656350268, 0.6544437723576108, 0.650280652165702, 0.6377215911133596, 0.6105469218067517, 0.6842906563727241, 0.6858922073989504, 0.5898432056317912, 0.5893116493859211, 0.5867632695186881, 0.6403151116572567, 0.5852019417497932, 0.6630035436914732, 0.6449010145693126, 0.6071927023685644, 0.6205561980183508, 0.6213933405080146, 0.6370668141660714, 0.6371954287264553, 0.6138317937945394, 0.6226876539478595, 0.5971228475279642, 0.6164457117634236, 0.619041071269622, 0.6637607170336653, 0.6181644982113988, 0.6540265114151285, 0.650076321468492, 0.6723599522559028], "accs": [0.5755860953920776, 0.6289409862570736, 0.5747776879547292, 0.6176232821341956, 0.6402586903799515, 0.608730800323363, 0.6321746160064673, 0.65642683912692, 0.7259498787388844, 0.7332255456750202, 0.6176232821341956, 0.7421180274858529, 0.7380759902991108, 0.7340339531123686, 0.7388843977364592, 0.7510105092966856, 0.7849636216653193, 0.8027485852869847, 0.8043654001616815, 0.7833468067906225, 0.7493936944219887, 0.7590945836701698, 0.7849636216653193, 0.7607113985448666, 0.8124494745351657, 0.8027485852869847, 0.809215844785772, 0.8124494745351657, 0.8237671786580436, 0.8237671786580436, 0.826192400970089, 0.814874696847211, 0.8318512530315278, 0.8189167340339532, 0.8229587712206953, 0.8229587712206953, 0.8278092158447857, 0.8302344381568311, 0.8294260307194826, 0.8294260307194826], "f1s": [0.38062721490859985, 0.44875308871269226, 0.42251822352409363, 0.4399092495441437, 0.5115118026733398, 0.5099508166313171, 0.5921522974967957, 0.587354302406311, 0.6400743722915649, 0.6563680171966553, 0.6035963296890259, 0.6634604930877686, 0.6442690491676331, 0.6625673770904541, 0.6650066375732422, 0.6673275232315063, 0.6987806558609009, 0.7329857349395752, 0.7334927320480347, 0.722012996673584, 0.6929689645767212, 0.6558582782745361, 0.6974666118621826, 0.7130805253982544, 0.7581682205200195, 0.7310992479324341, 0.7393819093704224, 0.7522484064102173, 0.7650653123855591, 0.7661235928535461, 0.7655670046806335, 0.7615035772323608, 0.7725625038146973, 0.7672415971755981, 0.7683804631233215, 0.7686748504638672, 0.7753573656082153, 0.777869701385498, 0.7804663777351379, 0.7750774621963501]}}}, "(0.001, 0.0001, 64, 5, 64, 64, 0.3)": {"0": {"train": {"losses": [1.190852887569676, 1.060155757618838, 1.0339542670994817, 0.959856172434862, 0.8729910566371638, 0.8249857123686398, 0.7827280094294546, 0.770387617213096, 0.7337559828484218, 0.7259633970955324, 0.7136815527777399, 0.7015160284559527, 0.6842345780373006, 0.6870358994449984, 0.6712522984322918, 0.6404943978048345, 0.6339747721200432, 0.6055696315005066, 0.5948982698166723, 0.5914066074855509, 0.580215372811537, 0.5588895338766491, 0.5560269664048859, 0.5625625308685966, 0.5391293285781679, 0.4775090764609487, 0.4495590434220097, 0.43481000890040966, 0.4176562386502722, 0.4328547871001864, 0.4176405612175786, 0.4100093810676998, 0.39479713425950835, 0.4065214671957401, 0.39053248277273994, 0.38615408393835937, 0.3713042606278886, 0.3931205647525301, 0.3730247379290049, 0.36897145607292003], "accs": [0.3842573856738163, 0.41521651153379197, 0.46175637393767704, 0.5202347227842978, 0.5578713071630919, 0.6086604613516795, 0.6218130311614731, 0.6404289761230271, 0.6483205180089032, 0.6641036017806556, 0.6687575880210441, 0.6883852691218131, 0.6934439498178875, 0.7025495750708215, 0.7080129502225819, 0.7256171590449211, 0.7292594091460947, 0.7403885066774585, 0.7458518818292189, 0.7472683124241198, 0.7494941319303926, 0.7634560906515581, 0.7648725212464589, 0.7751922298664509, 0.7675030352084177, 0.811007689194658, 0.8152569809793606, 0.820922703358964, 0.8271954674220963, 0.83083771752327, 0.8324564953460137, 0.8290165924726831, 0.8334682314852286, 0.8348846620801295, 0.8352893565358155, 0.8431808984216916, 0.8435855928773776, 0.8466208012950223, 0.8445973290165925, 0.8476325374342372], "f1s": [0.32211020588874817, 0.3732995092868805, 0.400503009557724, 0.44935837388038635, 0.48324671387672424, 0.5191659927368164, 0.5455817580223083, 0.5595658421516418, 0.5778591632843018, 0.602652370929718, 0.6090548038482666, 0.6139460206031799, 0.6280450820922852, 0.6414284706115723, 0.6439428925514221, 0.6582634449005127, 0.6648327112197876, 0.6731280088424683, 0.682959258556366, 0.6763918399810791, 0.682550847530365, 0.7018194198608398, 0.703240156173706, 0.7102679014205933, 0.7130844593048096, 0.7548538446426392, 0.768142819404602, 0.7744652032852173, 0.7850102782249451, 0.7815373539924622, 0.7895740270614624, 0.7876185178756714, 0.7972060441970825, 0.7938984632492065, 0.7942168712615967, 0.8059724569320679, 0.8076156973838806, 0.8117929697036743, 0.8084157109260559, 0.8203029632568359]},