{"('mild', 2)": {"train": {"losses": [1.2315101013256924, 1.1132294030770364, 1.102374375566014, 1.03996094119351, 0.8664355285975287, 0.7673157050102068, 0.6924369479904576, 0.674656540505175, 0.6286136061013444, 0.5665998236219297, 0.547582312025362, 0.5289215932052563, 0.5051212219128672, 0.4826522506185506, 0.48044100296444275, 0.3772940818402797, 0.3340313200017596, 0.3290071527890858, 0.3116854295128514, 0.3100764081334354, 0.3037694755328034, 0.2904058378001352, 0.2846626483781383, 0.2871796552473261, 0.2662854225999283, 0.27130021856218056, 0.27939942677232815, 0.2533723007011684, 0.2533560443363514, 0.2511427349247753, 0.2552441400296772, 0.23746386040130255, 0.22700190703331435, 0.226253796313056, 0.22535308049739203, 0.22501275995056527, 0.23374886971490194, 0.2437401319059077, 0.2292653048378598, 0.22809656770641337], "accs": [0.3282072035613112, 0.3709024686361797, 0.37697288547146907, 0.39295831647106433, 0.5999595305544314, 0.6598543099959531, 0.6966815054633752, 0.7179279643868879, 0.7389720760825577, 0.7693241602590044, 0.7770133549170376, 0.7816673411574262, 0.7992715499797652, 0.8128288142452449, 0.80230675839741, 0.8528935653581546, 0.8609874544718737, 0.8539053014973695, 0.868474301902064, 0.8690813435855929, 0.8743423715095103, 0.8761634965600972, 0.8796033994334278, 0.8816268717118575, 0.8818292189397006, 0.876770538243626, 0.8822339133953865, 0.8909348441926346, 0.8850667745851882, 0.8893160663698907, 0.8901254552812626, 0.8968029138000809, 0.8990287333063537, 0.8986240388506678, 0.9006475111290976, 0.9046944556859571, 0.896600566572238, 0.8982193443949817, 0.8970052610279239, 0.896195872116552], "f1s": [0.28668487071990967, 0.3299027681350708, 0.3458558917045593, 0.377027302980423, 0.5071008205413818, 0.5728449821472168, 0.6292023062705994, 0.6452326774597168, 0.6780321598052979, 0.7146649360656738, 0.7201352119445801, 0.7256859540939331, 0.7451056838035583, 0.7659926414489746, 0.7522662878036499, 0.8265914916992188, 0.8378823399543762, 0.8367269039154053, 0.8561928272247314, 0.8548867702484131, 0.8594058156013489, 0.8610289096832275, 0.8688012361526489, 0.8712382316589355, 0.8744888305664062, 0.8736550211906433, 0.8782528042793274, 0.8835883140563965, 0.8839563131332397, 0.8835474848747253, 0.8868342638015747, 0.8932042121887207, 0.898435115814209, 0.8999440670013428, 0.901709258556366, 0.9051147699356079, 0.8939776420593262, 0.8929343223571777, 0.9008070230484009, 0.8989770412445068]}, "val": {"losses": [1.1473387654211218, 1.0893655456451996, 1.0973275352989171, 1.1117603287835611, 1.2010845605558027, 0.7283095667799732, 0.7866725107307095, 0.7256383401497584, 0.6807783969294765, 0.6930094698599104, 0.6322189703668041, 0.6206546438347454, 0.579705307897099, 0.6074347063332869, 0.6456092743499682, 0.49056590974282716, 0.5173263718210697, 0.5287954553708784, 0.559055210075363, 0.5175408786140148, 0.5725748753875325, 0.5642063280171508, 0.5937813165068337, 0.5850378511505158, 0.589455306770923, 0.5829437901006173, 0.6038695794734246, 0.6026917835855639, 0.6151244746356985, 0.6425470075206402, 0.6331964955757776, 0.644736199005053, 0.6384738211248223, 0.6374959194958932, 0.6300625962987482, 0.6281868244190802, 0.6263111757480433, 0.6058805821013239, 0.644210676271875, 0.5880424535939457], "accs": [0.444624090541633, 0.4381568310428456, 0.5828617623282134, 0.5481002425222312, 0.6216653193209377, 0.7291835084882781, 0.7186742118027486, 0.7372675828617623, 0.7599029911075182, 0.7736459175424414, 0.7898140662894099, 0.8084074373484236, 0.7954729183508489, 0.799514955537591, 0.8213419563459984, 0.8278092158447857, 0.8496362166531932, 0.8447857720291027, 0.8399353274050121, 0.847210994341148, 0.8439773645917542, 0.8391269199676638, 0.8496362166531932, 0.8423605497170574, 0.8399353274050121, 0.8520614389652384, 0.8455941794664511, 0.8431689571544059, 0.8439773645917542, 0.8464025869037995, 0.8504446240905417, 0.8496362166531932, 0.8480194017784963, 0.8544866612772838, 0.8488278092158448, 0.8496362166531932, 0.8488278092158448, 0.8455941794664511, 0.8455941794664511, 0.8423605497170574], "f1s": [0.2849171757698059, 0.3159133791923523, 0.38306331634521484, 0.3875628113746643, 0.41556745767593384, 0.6397974491119385, 0.626990556716919, 0.6452116370201111, 0.6819782257080078, 0.6869892477989197, 0.7186503410339355, 0.7477300763130188, 0.7192990779876709, 0.7234904766082764, 0.7864395976066589, 0.7882590293884277, 0.8072675466537476, 0.8041931390762329, 0.7959995269775391, 0.8069894909858704, 0.7952940464019775, 0.7956765294075012, 0.8109486103057861, 0.8047407865524292, 0.8103250861167908, 0.8148545026779175, 0.8021337985992432, 0.8058823347091675, 0.8078773021697998, 0.8021777868270874, 0.8070133328437805, 0.8108267784118652, 0.811058759689331, 0.8133809566497803, 0.809916079044342, 0.8106160759925842, 0.8101925253868103, 0.8058208227157593, 0.8084599375724792, 0.8038978576660156]}}}