{"train": {"losses": [1.1857482533086317, 1.1195919790619155, 0.93986182039636, 0.8011373117451531, 0.7191143127551015, 0.7196532025155342, 0.6359868286496374, 0.6063020217519982, 0.5488158779943196, 0.5536699491997374, 0.488242550086319, 0.47563870448373385, 0.46625543712894235, 0.45564508944665405, 0.4271149309913623, 0.3228047124133907, 0.3038290269169331, 0.28443994802147304, 0.26610492015478343, 0.23797687637280085, 0.2655352561496038, 0.23901723283642654, 0.22669861503081107, 0.23063193897229367, 0.21332183755852827, 0.2221418434625114, 0.20973986671285463, 0.20964321956937007, 0.18572308297089266, 0.19513581432658428, 0.17682509338358837, 0.16891358924244929], "accs": [0.38547146904087415, 0.40084985835694054, 0.5831647106434642, 0.6639012545528127, 0.6956697693241602, 0.6995143666531769, 0.736341562120599, 0.7612302711452853, 0.7709429380817483, 0.7893565358154593, 0.7990692027519223, 0.8106029947389721, 0.8188992310805342, 0.8229461756373938, 0.83083771752327, 0.8619991906110887, 0.8717118575475516, 0.8808174828004857, 0.8852691218130312, 0.8941723998381222, 0.8840550384459733, 0.8921489275596924, 0.8931606636989073, 0.896600566572238, 0.9002428166734115, 0.8982193443949817, 0.8994334277620396, 0.905503844597329, 0.9089437474706596, 0.9087414002428167, 0.9166329421286928, 0.9233104006475111], "f1s": [0.31828808784484863, 0.3449286222457886, 0.4749700427055359, 0.5638980865478516, 0.600177526473999, 0.6130292415618896, 0.657272458076477, 0.6890511512756348, 0.711890697479248, 0.730616569519043, 0.7507640719413757, 0.7681692838668823, 0.773090124130249, 0.7747217416763306, 0.7942948937416077, 0.8364849090576172, 0.8569015264511108, 0.8715760111808777, 0.8757201433181763, 0.8947212100028992, 0.8789126873016357, 0.8930667638778687, 0.8993189930915833, 0.8972779512405396, 0.904816746711731, 0.8997902870178223, 0.9028767347335815, 0.9121373891830444, 0.9201357364654541, 0.9173821210861206, 0.9247803688049316, 0.9340537786483765]}, "val": {"losses": [1.1071781207210323, 1.0614746660596437, 0.8602294488693305, 0.7983655916555523, 0.7517173160635471, 0.6966094399230944, 0.7899782515959867, 0.6819310921666694, 0.6028067456586956, 0.6036802542816754, 0.597614600953308, 0.6213564559178865, 0.6194733936360698, 0.5809074686892879, 0.5390778191164799, 0.5168374039612187, 0.4989825368361215, 0.5451283215657298, 0.5351257416733639, 0.557128199980735, 0.5278366586327456, 0.5811959437140555, 0.5643025410204234, 0.6330753477138189, 0.6521011156330402, 0.6012578136321509, 0.612629845220424, 0.6305637870619349, 0.6149032214715198, 0.6808790759685642, 0.707132565753539, 0.7137068136141198], "accs": [0.5513338722716249, 0.5675020210185934, 0.6628940986257074, 0.6952303961196443, 0.7219078415521423, 0.7065481002425222, 0.6038803556992725, 0.7849636216653193, 0.7849636216653193, 0.793856103476152, 0.8027485852869847, 0.8084074373484236, 0.7801131770412287, 0.8181083265966047, 0.7987065481002426, 0.8399353274050121, 0.8302344381568311, 0.8504446240905417, 0.8375101050929669, 0.8431689571544059, 0.847210994341148, 0.8334680679062247, 0.8464025869037995, 0.8480194017784963, 0.841552142279709, 0.8464025869037995, 0.841552142279709, 0.847210994341148, 0.8407437348423605, 0.8375101050929669, 0.8480194017784963, 0.8496362166531932], "f1s": [0.3503400981426239, 0.3060101866722107, 0.5484064817428589, 0.5857330560684204, 0.6509957909584045, 0.5878769159317017, 0.5871526002883911, 0.7031950950622559, 0.7267513871192932, 0.7177826166152954, 0.7422002553939819, 0.737199068069458, 0.7177181839942932, 0.7642461061477661, 0.7696714401245117, 0.797577977180481, 0.7763465642929077, 0.8130624890327454, 0.7923564910888672, 0.7989614605903625, 0.8050869703292847, 0.795276403427124, 0.8130621910095215, 0.8132642507553101, 0.801576554775238, 0.8148723840713501, 0.8078998327255249, 0.8043985366821289, 0.7951667904853821, 0.7889070510864258, 0.7987497448921204, 0.7999348044395447]}}