{"('mild', 1)": {"train": {"losses": [1.2322756937041257, 1.1323851368679108, 0.9785427144064878, 0.8198017085770855, 0.7569968008840677, 0.7035038039685261, 0.6661959082274146, 0.6082263383629929, 0.6056982857140873, 0.5607773227544026, 0.5406273802925536, 0.5225474388070649, 0.49307614917072, 0.4957865525575265, 0.44225344699869656, 0.3670408759026429, 0.3389159948996618, 0.3267661635811056, 0.3203241784820572, 0.31576477735933145, 0.2971250227181741, 0.30078436803933534, 0.30012283952117497, 0.291243916602812, 0.2859003651677621, 0.2844965801438982, 0.2611151838932188, 0.2791936678449329, 0.26275987202510426, 0.24763131485396384, 0.2391973429426207, 0.24035608079789478, 0.2395870596568433, 0.23728299623966603, 0.2365724026119598, 0.2426275002213443, 0.228073070631583, 0.24782906630076845, 0.2235993531154554, 0.2315874832185933], "accs": [0.33447996762444354, 0.3968029138000809, 0.5740590853905302, 0.6552003237555646, 0.6841359773371105, 0.697895588830433, 0.7254148118170781, 0.7592067988668555, 0.7604208822339134, 0.7719546742209632, 0.7907729664103602, 0.7990692027519223, 0.8134358559287738, 0.8047349251315257, 0.8251719951436666, 0.8498583569405099, 0.857952246054229, 0.8615944961554026, 0.8698907324969648, 0.8692836908134358, 0.8696883852691218, 0.8796033994334278, 0.8725212464589235, 0.8791987049777418, 0.8727235936867664, 0.877579927154998, 0.8870902468636179, 0.8856738162687171, 0.8844597329016592, 0.8935653581545933, 0.8955888304330231, 0.8933630109267503, 0.8923512747875354, 0.896398219344395, 0.8980169971671388, 0.8982193443949817, 0.8972076082557668, 0.8939700526102793, 0.8951841359773371, 0.8953864832051801], "f1s": [0.2790883779525757, 0.34532925486564636, 0.47199034690856934, 0.540746808052063, 0.5883932113647461, 0.614909827709198, 0.6575560569763184, 0.6940065622329712, 0.704089343547821, 0.7067176103591919, 0.7272493839263916, 0.7421978712081909, 0.7633767127990723, 0.7538414597511292, 0.781989336013794, 0.8205744624137878, 0.8357082009315491, 0.8416812419891357, 0.8522008657455444, 0.853635311126709, 0.8534245491027832, 0.8658475875854492, 0.8586487770080566, 0.867402195930481, 0.8580031394958496, 0.8704853057861328, 0.881649911403656, 0.878504753112793, 0.8810965418815613, 0.8928984999656677, 0.8921457529067993, 0.8963696956634521, 0.8935905694961548, 0.8948236107826233, 0.8992569446563721, 0.9004058837890625, 0.8980807065963745, 0.8960832357406616, 0.8991820812225342, 0.895317792892456]}, "val": {"losses": [1.119601153903366, 1.1549473147095455, 1.326376935312029, 0.7918721560084637, 0.7233330372754084, 0.8509428303571314, 0.8124441163811649, 0.6167080723767138, 0.656156630456303, 0.7928700865326914, 0.5694512281094044, 0.6552923716357762, 0.545833644022745, 0.5444377866259678, 0.6688182497564207, 0.5437650000172077, 0.561307142122002, 0.5658921493863327, 0.5596317014895626, 0.6081573279904279, 0.6071823905963712, 0.6068401881640442, 0.5903319483720784, 0.6019562219503722, 0.6334902238681996, 0.6484720569974295, 0.6128967460862262, 0.6219283997675249, 0.6054179068766203, 0.6663700072162558, 0.618441231422301, 0.638030116198616, 0.6465526569631664, 0.6557941336543115, 0.6503804985707868, 0.6788310928506628, 0.640482171273752, 0.6508531234345324, 0.6198322374009276, 0.6758572638107098], "accs": [0.116410670978173, 0.5424413904607922, 0.6063055780113177, 0.6556184316895716, 0.7065481002425222, 0.5295068714632175, 0.751818916734034, 0.746160064672595, 0.7833468067906225, 0.7356507679870655, 0.7712206952303962, 0.7865804365400162, 0.8100242522231205, 0.8399353274050121, 0.7865804365400162, 0.8318512530315278, 0.8286176232821342, 0.8310428455941795, 0.8480194017784963, 0.8488278092158448, 0.8480194017784963, 0.8464025869037995, 0.8447857720291027, 0.8431689571544059, 0.8464025869037995, 0.8520614389652384, 0.8528698464025869, 0.8447857720291027, 0.8520614389652384, 0.8488278092158448, 0.8504446240905417, 0.847210994341148, 0.8464025869037995, 0.847210994341148, 0.8447857720291027, 0.847210994341148, 0.85125303152789, 0.8496362166531932, 0.8431689571544059, 0.8439773645917542], "f1s": [0.13744418323040009, 0.33028751611709595, 0.341213583946228, 0.5351973176002502, 0.584438681602478, 0.5911750793457031, 0.6371256113052368, 0.6431924104690552, 0.704566478729248, 0.6566416025161743, 0.6756585836410522, 0.6968024969100952, 0.7424888610839844, 0.780657172203064, 0.7346915006637573, 0.7677485942840576, 0.775192141532898, 0.7693673968315125, 0.7998394966125488, 0.8000670075416565, 0.8038620352745056, 0.8084456920623779, 0.7947455644607544, 0.7921096086502075, 0.8028934001922607, 0.8142428398132324, 0.8134883642196655, 0.7974202632904053, 0.808454155921936, 0.802282452583313, 0.8073841333389282, 0.8054957389831543, 0.8025611639022827, 0.8043488264083862, 0.7997739315032959, 0.8037832975387573, 0.8055234551429749, 0.8039292097091675, 0.7996628284454346, 0.8035786151885986]}}, "('mild', 2)": {"train": {"losses": [1.2315101013256924, 1.1132294030770364, 1.102374375566014, 1.03996094119351, 0.8664355285975287, 0.7673157050102068, 0.6924369479904576, 0.674656540505175, 0.6286136061013444, 0.5665998236219297, 0.547582312025362, 0.5289215932052563, 0.5051212219128672, 0.4826522506185506, 0.48044100296444275, 0.3772940818402797, 0.3340313200017596, 0.3290071527890858, 0.3116854295128514, 0.3100764081334354, 0.3037694755328034, 0.2904058378001352, 0.2846626483781383, 0.2871796552473261, 0.2662854225999283, 0.27130021856218056, 0.27939942677232815, 0.2533723007011684, 0.2533560443363514, 0.2511427349247753, 0.2552441400296772, 0.23746386040130255, 0.22700190703331435, 0.226253796313056, 0.22535308049739203, 0.22501275995056527, 0.23374886971490194, 0.2437401319059077, 0.2292653048378598, 0.22809656770641337], "accs": [0.3282072035613112, 0.3709024686361797, 0.37697288547146907, 0.39295831647106433, 0.5999595305544314, 0.6598543099959531, 0.6966815054633752, 0.7179279643868879, 0.7389720760825577, 0.7693241602590044, 0.7770133549170376, 0.7816673411574262, 0.7992715499797652, 0.8128288142452449, 0.80230675839741, 0.8528935653581546, 0.8609874544718737, 0.8539053014973695, 0.868474301902064, 0.8690813435855929, 0.8743423715095103, 0.8761634965600972, 0.8796033994334278, 0.8816268717118575, 0.8818292189397006, 0.876770538243626, 0.8822339133953865, 0.8909348441926346, 0.8850667745851882, 0.8893160663698907, 0.8901254552812626, 0.8968029138000809, 0.8990287333063537, 0.8986240388506678, 0.9006475111290976, 0.9046944556859571, 0.896600566572238, 0.8982193443949817, 0.8970052610279239, 0.896195872116552], "f1s": [0.28668487071990967, 0.3299027681350708, 0.3458558917045593, 0.377027302980423, 0.5071008205413818, 0.5728449821472168, 0.6292023062705994, 0.6452326774597168, 0.6780321598052979, 0.7146649360656738, 0.7201352119445801, 0.7256859540939331, 0.7451056838035583, 0.7659926414489746, 0.7522662878036499, 0.8265914916992188, 0.8378823399543762, 0.8367269039154053, 0.8561928272247314, 0.8548867702484131, 0.8594058156013489, 0.8610289096832275, 0.8688012361526489, 0.8712382316589355, 0.8744888305664062, 0.8736550211906433, 0.8782528042793274, 0.8835883140563965, 0.8839563131332397, 0.8835474848747253, 0.8868342638015747, 0.8932042121887207, 0.898435115814209, 0.8999440670013428, 0.901709258556366, 0.9051147699356079, 0.8939776420593262, 0.8929343223571777, 0.9008070230484009, 0.8989770412445068]},